"SL No.","Supplier ID","Supplier/Company Name","User Name",Mobile,Due
1,1,"MB Trade",mb,018,-45600
2,2,"Warsi Trade",Bablu,01710839515,8982
3,3,"UD Trading Corporation",Mohakhali,01797185240,19440
4,4,"Takwa Enterprise",takwa_enterprise,00000000000,0
5,5,"Razib Enterprize",razib_enterprize,00000000000,0
6,6,"M/S Arif & Brothers",m/s_arif_&_brothers,01819197362,0
7,7,Hannan,hannan,00000000000,0
8,8,"MN Enterprise",mn_enterprise,00000000000,0
9,9,"MM Trading",mm_trading,00000000000,0
10,10,"Bushra Enterprise",bushra_enterprise,01672758759,0
11,11,Jahangir,jahangir,00000000000,0
12,12,"Faith & Fair Trade International",faith_&_fair_trade_internation,01732389695,0
13,13,"Sah Jalal Trading",sah_jalal_trading,00000000000,0
14,14,"Prestige Bengal Ltd.",prestige_bengal_ltd.,00000000000,0
15,15,Kanchan,kanchan,00000000000,0
16,16,Razib,razib,00000000000,0
17,17,BBC,bbc,00000000000,0
18,18,Almas,almas,00000000000,0
19,19,"Al Aksha Enterprise",al_aksha_enterprise,00000000000,0
20,20,"Acord Marketing",acord_marketing,00000000000,0
21,21,Manju,manju,00000000000,0
22,22,"Panna Trading",panna_trading,00000000000,0
23,23,"MB Collection",mb_collection,00000000000,26857
24,24,"Ashu Enterprise",ashu_enterprise,00000000000,0
25,25,"Pentagon International Ltd.",pentagon_international_ltd.,+88028100747,0
26,26,"Nahid Vai",nahid_vai,00000000000,0
27,27,"Tashin Cosmetic",tashin_cosmetic,00000000000,0
28,28,Sarem,sarem,00000000000,0
29,29,"Progati Ent.",progati_ent.,01717238601,0
30,30,"Tarak Enterprise",tarak_enterprise,00000000000,0
31,31,"Mithila Enterprise",mithila_enterprise,00000000000,0
32,32,Emdad,emdad,00000000000,0
33,33,"M/S Rimec Enterprise",m/s_rimec_enterprise,00000000000,0
34,34,Ujjal,ujjal,00000000000,0
35,35,Khairul,khairul,00000000000,0
36,36,"Banizzo Int",banizzo_int,00000000000,0
37,37,Khomini,khomini,00000000000,0
38,38,"Janata Ent.",janata_ent.,00000000000,0
39,39,Faisal,faisal,00000000000,0
40,40,"Unitrade Int",unitrade_int,00000000000,0
41,41,"Jannat Enterprise",jannat_enterprise,00000000000,0
42,42,"Jahangir 2",jahangir_2,00000000000,0
43,43,"Saika Int.",saika_int.,00000000000,0
44,44,"Sohel Trade",sohel_trade,00000000000,0
45,45,"M/S Nafiz Store",m/s_nafiz_store,00000000000,0
46,46,"Asif Enter Prise",asif_enter_prise,00000000000,0
47,47,"Wings International",wings_international,01711052341,0
48,48,"Safayed Enterprise",safayed_enterprise,00000000000,5740
49,49,"International Brands Ltd",international_brands_ltd,00000000000,0
50,50,"Iqbal Vai",iqbal_vai,00000000000,0
51,51,"Tamim Enterprise",tamim_enterprise,00000000000,45600
52,52,"Sparsha Trading",sparsha_trading,00000000000,0
53,53,"Union Bd Consumer",union_bd_consumer,00000000000,0
54,54,"Onu Enterprise",onu_enterprise,00000000000,0
55,55,"Marjia Perfume Shop",marjia_perfume_shop,00000000000,0
56,56,"T.M Trade Point",t.m_trade_point,00000000000,0
57,57,"Kazi Traders",kazi_traders,00000000000,0
58,58,"Khan's Corporation",khan's_corporation,00000000000,0
59,59,"Vedic Booty",vedic_booty,00000000000,0
60,60,"Ismile Vai",ismile_vai,00000000000,0
61,61,"Thai Cosmetics",thai_cosmetics,00000000000,0
62,62,"Crystal Corporation",crystal_corporation,00000000000,0
63,63,"Islam trade int",islam_trade_int,00000000000,0
64,64,"Arifin Vai",arifin_vai,00000000000,0
65,65,"Tazuma Enterprise",tazuma_enterprise,00000000000,0
66,66,"Ranesa Trading",ranesa_trading,01719525204,0
67,67,"Mahi Enterprise",mahi_enterprise,00000000000,0
68,68,"Al-Musafa Enterprise",al-musafa_enterprise,00000000000,0
69,69,"Nannu Vai Broker",nannu_vai_broker,00000000000,0
70,70,"Akhi General Store",akhi_general_store,00000000000,0
71,71,"Nahar Trading",nahar_trading,00000000000,0
72,72,"Raj Suppershop",raj_suppershop,01614561111,0
73,73,Hasan,hasan,00000000000,0
74,74,"Baby Fair",baby_fair,00000000000,0
75,75,"M/S Arif & Brothers 2",m/s_arif_&_brothers_2,00000000000,0
76,76,"Kazi Store",kazi_store,00000000000,0
77,77,"Raju Parlar",raju_parlar,00000000000,0
78,78,"Rakib Enterprise",rakib_enterprise,00000000000,0
79,79,"Nava Enterprise",nava_enterprise,00000000000,0
80,80,"H.M Trade Line",h.m_trade_line,00000000000,0
81,81,Saika,saika,21122,0
82,82,"Aminul Islam",aminul_islam,00000000000,0
83,83,"Happy Day Int",happy_day_int,00000000000,0
84,84,RAfsan,rafsan,00000000000,0
85,85,"Hanif Enterprise",hanif_enterprise,00000000000,0
86,86,"Really Brothers",really_brothers,00000000000,0
87,87,"Mahabub Trading",mahabub_trading,00000000000,0
88,88,"Amanat Trading",amanat_trading,00000000000,0
89,89,"Emon Store",emon_store,00000000000,0
90,90,Tacita,tacita,00000000000,0
91,91,"Dubai Collection",dubai_collection,00000000000,0
92,92,Ibrahim-Kabir,ibrahim-kabir,00000000000,0
93,93,"M/S Mili World Wide International",m/s_mili_world_wide_internatio,01913880084,0
94,94,"US BD Trade",us_bd_trade,00000000000,0
95,95,"Fazlu Corporation",fazlu_corporation,00000000000,0
96,96,"Dlower Broker",dlower_broker,00000000000,0
